scenario,method,label,status,scored_seconds,terminal_hold,mean_f_norm,mean_g_norm,mean_actual_dynamics_norm,mean_planar_speed_m_s,mean_abs_yaw_rate_rad_s
three_circles,kinodynamic_rrt_star,Kinodynamic RRT*,goal,120.0,True,0.0,0.33628371865136003,0.11803475500478634,0.05315557778320005,0.06487917722158633
three_circles,clf_cbf_qp,CLF–CBF QP,horizon,119.99999999999532,False,0.0,0.33628371865136014,2.975289867823236,0.07982365717058111,2.9275640994655117
three_circles,nmpc,NMPC,goal,120.0,True,0.0,0.33628371865136014,0.06374471333229405,0.048217743509873956,0.025343468622617396
three_circles,mpc_dhocbf,DHOCBF MPC,goal,120.0,True,0.0,0.33628371865136014,0.08050582370979611,0.05148889880124,0.03614879467852255
three_circles,hj_reach_avoid,HJ reach–avoid,goal,120.0,True,0.0,0.33628371865136003,0.10496827467915036,0.07087499999999972,0.03563348416289573
three_circles,composite_mpc,Composite MPC,goal,120.0,True,0.0,0.33628371865136014,0.0630356941065116,0.04818264670696607,0.024078614597713297
three_circles,macbo,MACBO (hybrid),goal,120.0,True,0.0,0.33628371865136003,0.08592600620862663,0.054575119608966,0.03197227001387339
u_and_t,kinodynamic_rrt_star,Kinodynamic RRT*,goal,120.0,True,0.0,0.33628371865136014,0.32169002135362196,0.07726155189786602,0.244428469455756
u_and_t,clf_cbf_qp,CLF–CBF QP,solver_failure,0.0,False,0.0,0.3362837186513601,,,
u_and_t,nmpc,NMPC,solver_failure,11.100000000000005,False,0.0,0.33628371865136014,0.7295915684566093,0.02574255415476777,0.7122166717418833
u_and_t,mpc_dhocbf,DHOCBF MPC,solver_failure,6.899999999999998,False,0.0,0.33628371865136003,0.692681425774663,0.18319633533129634,0.5747648290334406
u_and_t,hj_reach_avoid,HJ reach–avoid,goal,120.0,True,0.0,0.33628371865136014,0.2822132607198961,0.07559999999999929,0.21380090497737367
u_and_t,composite_mpc,Composite MPC,solver_failure,21.60000000000003,False,0.0,0.3362837186513601,0.08091583529937113,0.014606035973591386,0.07573159164296817
u_and_t,macbo,MACBO (hybrid),goal,120.0,True,0.0,0.3362837186513602,0.14960240893359375,0.07876692060391023,0.07173992833761418
central_star,kinodynamic_rrt_star,Kinodynamic RRT*,goal,120.0,True,0.0,0.33628371865136003,0.1327283495894883,0.054697406178506165,0.07803094341098214
central_star,clf_cbf_qp,CLF–CBF QP,horizon,119.99999999999532,False,0.0,0.33628371865136014,2.8444868095076674,0.08632852814342441,2.793590914119314
central_star,nmpc,NMPC,solver_failure,86.39999999999954,False,0.0,0.33628371865136003,0.05626131828630687,0.027038450363234674,0.03387068187767655
central_star,mpc_dhocbf,DHOCBF MPC,goal,120.0,True,0.0,0.33628371865136003,0.16903584644773115,0.053311979473985915,0.13834473286498689
central_star,hj_reach_avoid,HJ reach–avoid,goal,120.0,True,0.0,0.33628371865136003,0.10496827467915036,0.07087499999999972,0.03563348416289573
central_star,composite_mpc,Composite MPC,solver_failure,19.200000000000024,False,0.0,0.3362837186513601,0.22916551263211685,0.122595546238017,0.12908645728703808
central_star,macbo,MACBO (hybrid),goal,120.0,True,0.0,0.3362837186513602,0.08840996446486925,0.056146065832570695,0.03277513094983233
square_passage,kinodynamic_rrt_star,Kinodynamic RRT*,goal,120.0,True,0.0,0.33628371865136003,0.060230421469060505,0.04714045207910307,0.013089969389957474
square_passage,clf_cbf_qp,CLF–CBF QP,horizon,119.99999999999532,False,0.0,0.33628371865136014,2.8444868095076674,0.08632852814342441,2.793590914119314
square_passage,nmpc,NMPC,goal,120.00000000000001,True,0.0,0.33628371865136003,0.0655674016107808,0.04848267686030277,0.01983488927966279
square_passage,mpc_dhocbf,DHOCBF MPC,goal,120.0,True,0.0,0.33628371865136003,0.12817865521603206,0.04814157491033421,0.09528225656333493
square_passage,hj_reach_avoid,HJ reach–avoid,goal,120.0,True,0.0,0.33628371865136003,0.10496827467915036,0.07087499999999972,0.03563348416289573
square_passage,composite_mpc,Composite MPC,goal,120.00000000000001,True,0.0,0.33628371865136003,0.0646468683844294,0.048268118008534915,0.021031462710136558
square_passage,macbo,MACBO (hybrid),goal,120.0,True,0.0,0.33628371865136014,0.05798293619997663,0.046496410461128776,0.011643354500914646
